PDB1,CHAIN1,NOTES1,PDB2,CHAIN2,NOTES2,PDB3,CHAIN3,NOTES3,Group,CITATIONKEY,SOLUBILITY,ASSAY,LABELING,FLUOROPHORE1,FLUORPHORE2,RES1,REMARK1,RES2,REMARK2,RES3,REMARK3,RES4,REMARK4,RES5,REMARK5,RES6,REMARK6,RES7,REMARK7,RES8,REMARK8,RES9,REMARK9,RES10,REMARK10,RES11,REMARK11,RES12,REMARK12,RES13,REMARK13,RES14,REMARK14,RES15,REMARK15,RES16,REMARK16,RES17,REMARK17,RES18,REMARK18,RES19,REMARK19,RES20,REMARK20
172L,A,UAA,148L,,,,,,Seidel,Sanabria2020;Peulen2017,SOLUBLE,FRET,UAA,Alexa488,,5,,8,,19,,22,,36,,44,,55,,60,,69,,70,,,,,,,,,,,,,,,,,,,,,
172L,A,,148L,,,,,,Seidel,Sanabria2020;Peulen2017,SOLUBLE,FRET,CYS,Alexa647,,44,,55,,69,,86,,119,,127,,132,,150,,,,,,,,,,,,,,,,,,,,,,,,,
172L,A,,148L,E,,3LZM,A,CYS IN STRUCTURE,Lu,Lu2011,SOLUBLE,FRET,CYS,TMR,TexasRed,54,,97,,,,,,,,,,,,,,,,,,,,,,,,,,,,,,,,,,,,,
1AMO,A,HOMOLOG;DELETE_B;,,,,,,,Laursen,Bavishi2018,SOLUBLE,FRET,CYS,Cy3,Cy5,160,,649,,,,,,,,,,,,,,,,,,,,,,,,,,,,,,,,,,,,,
1BFE,A,,,,,,,,Seidel,McCann2012,SOLUBLE,FRET,CYS,Alexa555,Alexa647,313,,374,,398,,,,,,,,,,,,,,,,,,,,,,,,,,,,,,,,,,,
1BG2,A,,,,,,,,Peterman,Verbrugge2009,SOLUBLE,BULK,CYS,Alexa555,Alexa647,43,,149,,215,WRONG AA,324,,,,,,,,,,,,,,,,,,,,,,,,,,,,,,,,,
1BPX,A,,,,,,,,Hohlbein,Fijen2020,SOLUBLE,FRET,CYS,Cy5,,303,,,,,,,,,,,,,,,,,,,,,,,,,,,,,,,,,,,,,,,
1CLL,A,UAA,,,,,,,Park,Kim2013b,SOLUBLE,FRET,UAA,Cy3,Cy5,34,,113,,,,,,,,,,,,,,,,,,,,,,,,,,,,,,,,,,,,,
1DG3,A,PELDOR COMPARISON,2BC9,A,2BC9 has only 18 and 225,,,,Seidel,Voepel2014,SOLUBLE,FRET,CYS,Alexa488,Alexa647,18,,225,,567,,577,,,,,,,,,,,,,,,,,,,,,,,,,,,,,,,,,
1DG3,A,,1F5N,A,,,,,Seidel,Peulen2017,SOLUBLE,SINGLE,CYS,Alexa488,,18,,254,,344,,481,,496,,525,,540,,577,,,,,,,,,,,,,,,,,,,,,,,,,
1F16,A,,,,,,,,Tjandra,Gahl2014,MEMBRANE,BULK,CYS,Alexa546,Dabcyl,17,,62,,78,,126,,154,,175,,,,,,,,,,,,,,,,,,,,,,,,,,,,,
1F16,A,,,,,,,,Tjandra,Gahl2013,SOLUBLE,BULK,CYS,Alexa546,,62,,126,,,,,,,,,,,,,,,,,,,,,,,,,,,,,,,,,,,,,
1G6W,C,DELETE_A_B,,,,,,,Perrett,Lou2017,SOLUBLE,FRET,CYS,Alexa555,Alexa647,108,,240,,295,,351,,,,,,,,,,,,,,,,,,,,,,,,,,,,,,,,,
1GO3,F,DIMER,,,,,,,Grohmann,Grohmann2010,SOLUBLE,FRET,CYS,Alexa350,Alexa488,36,,63,,,,,,,,,,,,,,,,,,,,,,,,,,,,,,,,,,,,,
1GO3,E,DIMER,,,,,,,Grohmann,Grohmann2010,SOLUBLE,FRET,CYS,Alexa350,Alexa488,49,,65,,123,,,,,,,,,,,,,,,,,,,,,,,,,,,,,,,,,,,
1GP2,A,UAA,,,,,,,Blanchard,Shi2020,MEMBRANE,FRET,UAA,Cy3B,Cy7,116,,345,,,,,,,,,,,,,,,,,,,,,,,,,,,,,,,,,,,,,
1GP2,A,,,,,,,,Zhao,Zhu2017,MEMBRANE,FRET,CYS,Cy3,Cy5,90,,141,,238,,333,,,,,,,,,,,,,,,,,,,,,,,,,,,,,,,,,
1H2S,A,,,,,,,,Fitter,Kriegsmann2008,MEMBRANE,BULK,CYS,Alexa633,,154,,157,,,,,,,,,,,,,,,,,,,,,,,,,,,,,,,,,,,,,
1HKA,A,PDB FROM OTHER PAPER,3UD5,A,,4F7V,A,,Lu,He2013,SOLUBLE,FRET,CYS,Cy3,Cy5,88,,142,,,,,,,,,,,,,,,,,,,,,,,,,,,,,,,,,,,,,
1HUY,A,,,,,,,,Klenerman,Orte2008,SOLUBLE,SINGLE,CYS,Alexa647,,132,,,,,,,,,,,,,,,,,,,,,,,,,,,,,,,,,,,,,,,
1HV8,A,HOMOLOG;DELETE_B;,,,,,,,Klostermeier,Theissen2008,SOLUBLE,FRET,CYS,Alexa488,Alexa546,113,ORIG S108,115,ORIG A115,,,,,,,,,,,,,,,,,,,,,,,,,,,,,,,,,,,,
1JSU,C,,,,,,,,Seidel;Kriwacki,Tsytlonok2019,SOLUBLE,FRET,CYS,Alexa488,Alexa647,29,,40,,54,,75,,93,,,,,,,,,,,,,,,,,,,,,,,,,,,,,,,
1JXO,A,DELETE_B,,,,,,,Seidel,McCann2012,SOLUBLE,FRET,CYS,Alexa555,Alexa647,591,,606,,621,WRONG AA,640,,671,,702,,,,,,,,,,,,,,,,,,,,,,,,,,,,,
1KLN,A,DELETE_B_C,,,,,,,Kapanidis,Craggs2019,SOLUBLE,FRET,CYS,Cy3B,,550,,744,,907,,,,,,,,,,,,,,,,,,,,,,,,,,,,,,,,,,,
1KX5,B,,,,,,,,Seidel,Lehmann2020,SOLUBLE,FRET,CYS,Alexa488,,63,,,,,,,,,,,,,,,,,,,,,,,,,,,,,,,,,,,,,,,
1KX5,D,,,,,,,,Seidel,Lehmann2020,SOLUBLE,FRET,CYS,Alexa594,,112,,,,,,,,,,,,,,,,,,,,,,,,,,,,,,,,,,,,,,,
1L3U,A,HOLOLOG;DELETE_B_C;SAME AS 1KLN,1LV5,,,,,,Kapanidis,Hohlbein2018,SOLUBLE,FRET,CYS,Cy3B,Atto647N,498,,692,,,,,,,,,,,,,,,,,,,,,,,,,,,,,,,,,,,,,
1L63,A,PDB FROM OTHER PAPER,,,,,,,Bustamante,Shank2010,SOLUBLE,TRAP,CYS,,,16,,61,,159,,,,,,,,,,,,,,,,,,,,,,,,,,,,,,,,,,,
1L7V,C,NO_CS,,,,,,,Lewinson,Yang2018b,MEMBRANE,FRET,CYS,Cy3,Cy5,67,,,,,,,,,,,,,,,,,,,,,,,,,,,,,,,,,,,,,,,
1L7V,A,DIMER,,,,,,,Lewinson,Yang2018b,MEMBRANE,FRET,CYS,Cy3,Cy5,109,,138,,,,,,,,,,,,,,,,,,,,,,,,,,,,,,,,,,,,,
1L7V,A,DIMER,,,,,,,Bordignon,Joseph2011,MEMBRANE,PELDOR,CYS,,,141,,142,,168,,,,,,,,,,,,,,,,,,,,,,,,,,,,,,,,,,,
1NFI,E,DELETE_A_B_F;,1IKN,D,,,,,Ha,Lamboy2013,SOLUBLE,FRET,CYS,Alexa555,Alexa647,98,,128,,166,,205,,234,,262,,,,,,,,,,,,,,,,,,,,,,,,,,,,,
1OMP,A,,1ANF,A,,4MBP,A,,Cordes,DeBoer2019,SOLUBLE,FRET,CYS,Alexa555,Alexa647,34,,36,,205,,352,,354,,,,,,,,,,,,,,,,,,,,,,,,,,,,,,,
1OMP,A,,1ANF,A,,4MBP,A,,Lamb,Sharma2008,SOLUBLE,FRET,CYS,Atto532,Atto647N,52,,298,,175,,298,,30,,312,,,,,,,,,,,,,,,,,,,,,,,,,,,,,
1OMP,A,,1ANF,A,,4MBP,A,,Kim,Kim2013,SOLUBLE,FRET,CYS,Cy3,Cy5,34,,354,,,,,,,,,,,,,,,,,,,,,,,,,,,,,,,,,,,,,
1OMP,A,,1ANF,A,,4MBP,A,,Kim,Seo2014,SOLUBLE,FRET,CYS,Cy3,Cy5,34,,354,,,,,,,,,,,,,,,,,,,,,,,,,,,,,,,,,,,,,
1OMP,A,,1ANF,A,,4MBP,A,,Hagelueken;Cordes,Peter2020b,SOLUBLE,FRET,CYS,Alexa555,Alexa647,29,,36,,87,,127,,134,,186,,352,,,,,,,,,,,,,,,,,,,,,,,,,,,
1P7B,A,DIMER,,,,,,,Ha,Wang2016,MEMBRANE,FRET,CYS,Alexa555,Alexa647,45,,48,,120,,167,,270,,273,,,,,,,,,,,,,,,,,,,,,,,,,,,,,
1PB7,A,NO_CS,1PBQ,A,DIMER,,,,Sanabria,Dolino2016,SOLUBLE,FRET,CYS,Alexa488,Alexa647,115,,192,,,,,,,,,,,,,,,,,,,,,,,,,,,,,,,,,,,,,
1PB7,A,NO_CS,,,,,,,Jayaraman,Cooper2015,SOLUBLE,FRET,CYS,Alexa555,Alexa647,115,,193,,,,,,,,,,,,,,,,,,,,,,,,,,,,,,,,,,,,,
1PB7,A,NO_CS,,,,,,,Jayaraman,Cooper2015,SOLUBLE,FRET,UAA,Alexa555,Alexa647,115,,193,,,,,,,,,,,,,,,,,,,,,,,,,,,,,,,,,,,,,
1PSZ,A,,3ZK7,A,DIMER,,,,Cordes,DeBoer2019,SOLUBLE,FRET,CYS,Alexa555,Alexa647,74,,76,,237,,,,,,,,,,,,,,,,,,,,,,,,,,,,,,,,,,,
1PV6,A,DELETE_B,,,,,,,Kaback,Smirnova2007,MEMBRANE,PELDOR,CYS,,,73,,105,,136,,137,,164,,310,,340,,375,,401,,,,,,,,,,,,,,,,,,,,,,,
1PV6,A,DELETE_B,,,,,,,Weiss;Kaback, Majumdar2007,MEMBRANE,FRET,CYS,Alexa488,Alexa647,73,,164,,375,,401,,,,,,,,,,,,,,,,,,,,,,,,,,,,,,,,,
1QLN,A,,,,,,,,Ha,Koh2018,SOLUBLE,FRET,CYS,Cy3,,174,,,,,,,,,,,,,,,,,,,,,,,,,,,,,,,,,,,,,,,
1RTD,A,DELETE_C_D_E_F_G_H,,,,,,,Seidel,Peulen2017,SOLUBLE,SINGLE,CYS,Alexa488,,6,wrong AA,27,,173,,194,,281,,287,,,,,,,,,,,,,,,,,,,,,,,,,,,,,
1TLL,A,,,,,,,,Lu,He2015,SOLUBLE,FRET,CYS,Cy3,Cy5,827,,1268,,,,,,,,,,,,,,,,,,,,,,,,,,,,,,,,,,,,,
1UAA,A,DIMER,,,,,,,Ha,Myong2005,SOLUBLE,FRET,CYS,Cy3,Cy5,97,,473,,,,,,,,,,,,,,,,,,,,,,,,,,,,,,,,,,,,,
1VSO,A,,,,,,,,Klostermeier,Andreou2014,SOLUBLE,FRET,CYS,Alexa488,Alexa546,186,,370,,,,,,,,,,,,,,,,,,,,,,,,,,,,,,,,,,,,,
1WDN,A,,1GGG,A,DIMER,,,,Wang,Feng2016b,SOLUBLE,FRET,CYS,Alexa555,Alexa647,59,,130,,,,,,,,,,,,,,,,,,,,,,,,,,,,,,,,,,,,,
1YWF,A,,2OZ5,A,,,,,Yang,Flynn2010,SOLUBLE,FRET,CYS,Alexa555,Alexa647,205,,220,,258,,,,,,,,,,,,,,,,,,,,,,,,,,,,,,,,,,,
1Z15,A,,1Z16,A,,,,,Blanchard,Fitzgerald2019,SOLUBLE,FRET,CYS,LD555P,LD655,67,,181,,,,,,,,,,,,,,,,,,,,,,,,,,,,,,,,,,,,,
1Z25,A,HOMOLOG; NO_CS;POSITIONS NOT ALL CLEAR,,,,,,,Grohmann,Zander2014,SOLUBLE,FRET,UAA,Atto550,Alexa647,72,,223,,433,,,,,,,,,,,,,,,,,,,,,,,,,,,,,,,,,,,
1ZRF,A,,,,,,,,Kapanidis,Uphoff2010,SOLUBLE,FRET,CYS,Alexa647,,17,,,,,,,,,,,,,,,,,,,,,,,,,,,,,,,,,,,,,,,
2A3D,A,NO_CS,,,,,,,Chung,Yoo2020,SOLUBLE,FRET,CYS,Alexa594,,33,,,,,,,,,,,,,,,,,,,,,,,,,,,,,,,,,,,,,,,
2A65,A,,3TT3,A,,,,,Blanchard,Terry2018,MEMBRANE,FRET,CYS,LD550,LD650,7,,86,,239,,480,,,,,,,,,,,,,,,,,,,,,,,,,,,,,,,,,
2BBM,A,,1DMO,A,,,,,Imperiali,Socher2008,SOLUBLE,BULK,CYS,4DMN,Alexa594,11,,76,,145,,,,,,,,,,,,,,,,,,,,,,,,,,,,,,,,,,,
2BBM,A,,1DMO,A,,,,,Fitter,Sadoine2018,SOLUBLE,FRET,CYS,Alexa488,Alexa647,34,,110,,,,,,,,,,,,,,,,,,,,,,,,,,,,,,,,,,,,,
2BBM,A,,1DMO,A,,,,,Fitter,Sadoine2018,SOLUBLE,FRET,UAA,Alexa488,Alexa647,34,,110,,,,,,,,,,,,,,,,,,,,,,,,,,,,,,,,,,,,,
2CCL,A,DELETE_B,,,,,,,Tinnefeld,Vera2019,SOLUBLE,FRET,CYS,Cy3B,,144,,,,,,,,,,,,,,,,,,,,,,,,,,,,,,,,,,,,,,,
2CEY,A,,3B50,A,,,,,Hagelueken;Cordes,Peter2020b,SOLUBLE,FRET,CYS,Alexa555,Alexa647,55,,58,,112,,134,,175,,228,,,,,,,,,,,,,,,,,,,,,,,,,,,,,
2CG9,A,DIMER,,,,,,,Hugel,Hellenkamp2018c,SOLUBLE,FRET,CYS,Atto550,Atto647N,452,,,,,,,,,,,,,,,,,,,,,,,,,,,,,,,,,,,,,,,
2CG9,A,DIMER,,,,,,,Hugel,Ye2018,SOLUBLE,FRET,CYS,Atto550,Atto647N,298,,,,,,,,,,,,,,,,,,,,,,,,,,,,,,,,,,,,,,,
2CG9,A,DIMER,,,,,,,Hugel,Ye2018,SOLUBLE,PLASMON,CYS,Gold,,285,GOLDLABEL,,,,,,,,,,,,,,,,,,,,,,,,,,,,,,,,,,,,,,
2CG9,A,DIMER,,,,,,,Hugel,Schmid2018,SOLUBLE,FRET,CYS,Atto550,Atto647N,61,,385,,,,,,,,,,,,,,,,,,,,,,,,,,,,,,,,,,,,,
2CG9,A,DIMER,,,,,,,Hugel,Hellenkamp2017,SOLUBLE,FRET,CYS,Atto550,Atto647N,9,,61,,152,,159,,285,,298,,327,,385,,409,,431,,452,,503,,517,,560,,637,,,,,,,,,,,
2CG9,A,DIMER,,,,,,,Hugel,Ratzke2014,SOLUBLE,FRET,CYS,Atto488,Atto550,61,,385,,,,,,,,,,,,,,,,,,,,,,,,,,,,,,,,,,,,,
2CG9,A,DIMER,,,,,,,Hugel,Ratzke2014,SOLUBLE,FRET,CYS,Atto594,,2,,189,,,,,,,,,,,,,,,,,,,,,,,,,,,,,,,,,,,,,
2CG9,A,DIMER,,,,,,,Hugel,Ratzke2014,SOLUBLE,FRET,UAA,Atto550,,66,,,,,,,,,,,,,,,,,,,,,,,,,,,,,,,,,,,,,,,
2ES4,D,HOMOLOG;DELETE_B_E;,,,,,,,Seidel,Peulen2017;Dollinger2018,SOLUBLE,FRET,CYS,Alexa488,Alexa647,130,,210,,292,,264,,293,,,,,,,,,,,,,,,,,,,,,,,,,,,,,,,
2FW0,A,,2FVY,A,,,,,Fitter,Hoefig2018;Sadoine2017,SOLUBLE,FRET,CYS,Alexa488,Alexa647,42,,137,,,,,,,,,,,,,,,,,,,,,,,,,,,,,,,,,,,,,
2GA5,A,,,,,,,,Schuler,Koenig2015,SOLUBLE,FRET,CYS,Atto532,Star635P,16,,120,,,,,,,,,,,,,,,,,,,,,,,,,,,,,,,,,,,,,
2HII,A,DELETE_X_Y_Z;TRIMER,,,,,,,Suo,Gadkari2018,SOLUBLE,FRET,CYS,Cy3,Cy5,64,,,,,,,,,,,,,,,,,,,,,,,,,,,,,,,,,,,,,,,
2HII,B,DELETE_X_Y_Z;TRIMER,,,,,,,Suo,Gadkari2018,SOLUBLE,FRET,CYS,Cy3,Cy5,189,,,,,,,,,,,,,,,,,,,,,,,,,,,,,,,,,,,,,,,
2HJV,A,DELETE_B,,,,,,,Klostermeier,Theissen2008,SOLUBLE,FRET,CYS,Alexa488,Alexa546,224,,229,,262,,,,,,,,,,,,,,,,,,,,,,,,,,,,,,,,,,,
2IS2,A,DELETE_B,,,,,,,Ha,Comstock2015,SOLUBLE,FRET,CYS,Alexa555,Alexa647,100,,473,,,,,,234,,262,,,,,,,,,,,,,,,,,,,,,,,,,,,,,
2KHO,A,,1DKX,A,CUTTED,,,,Lamb,Mapa2010,SOLUBLE,FRET,CYS,Atto532,Atto647N,318,,425,,564,,458,,536,,,,,,,,,,,,,,,,,,,,,,,,,,,,,,,
2KIU,A,,,,,,,,Sanabria;Babul,Medina2020,SOLUBLE,FRET,CYS,Alexa488,Alexa647,18,,32,,57,,78,,,,,,,,,,,,,,,,,,,,,,,,,,,,,,,,,
2MTE,A,,,,,,,,Tinnefeld,Vera2019,SOLUBLE,FRET,CYS,Alexa647,,63,,,,,,,,,,,,,,,,,,,,,,,,,,,,,,,,,,,,,,,
2NWX,A,TRIMER;PDB FROM OTHER PAPER,,,,,,,Blanchard,Akyuz2013,MEMBRANE,FRET,CYS,Cy3,Cy5,55,,294,,378,,,,,,,,,,,,,,,,,,,,,,,,,,,,,,,,,,,
2OAR,P,HOMOLOG;MODEL,,,,,,,Selvin,Wang2014,MEMBRANE,FRET,CYS,Alexa488,Alexa568,23,I25 ORIGINAL,25,A27 ORIGINAL,40,M42 ORIGINAL,69,Y75 ORIGINAL,74,Q80 ORIGINAL,76,V82 ORIGINAL,,,,,,,,,,,,,,,,,,,,,,,,,,,,
2QI9,A,DIMER,,,,,,,vanOijen,Goudsmits2017,MEMBRANE,FRET,CYS,Alexa488,Alexa555,111,,,,,,,,,,,,,,,,,,,,,,,,,,,,,,,,,,,,,,,
2QI9,F,DIMER,,,,,,,vanOijen,Goudsmits2017,SOLUBLE,FRET,CYS,Alexa555,Alexa647,141,,,,,,,,,,,,,,,,,,,,,,,,,,,,,,,,,,,,,,,
2QMT,A,,,,,,,,Schuler,Koenig2015,SOLUBLE,FRET,CYS,Atto532,Atto647N,2,,55,,,,,,,,,,,,,,,,,,,,,,,,,,,,,,,,,,,,,
2QW9,A,DELETE_B;CUTTED,,,,,,,Lamb,Mapa2010,SOLUBLE,FRET,CYS,Atto532,Atto647N,315,,,,,,,,,,,,,,,,,,,,,,,,,,,,,,,,,,,,,,,
2QXL,A,DIMER,,,,,,,Lamb,Mapa2010,SOLUBLE,FRET,CYS,Atto532,Atto647N,319,,435,,600,,,,,,,,,,,,,,,,,,,,,,,,,,,,,,,,,,,
2R6G,A,NO_CS,3PV0,A,,,,,Wang,Wu2018b,MEMBRANE,FRET,CYS,Alexa555,Alexa647,3,,153,,,,,,,,,,,,,,,,,,,,,,,,,,,,,,,,,,,,,
2RH1,A,,3SN6,D,,,,,Blanchard,Gregorio2017,MEMBRANE,FRET,CYS,Cy3B,Cy7,148,,266,,,,,,,,,,,,,,,,,,,,,,,,,,,,,,,,,,,,,
2V25,A,DELETE_B,,,,,,,Blanchard,Ciftci2020,SOLUBLE,FRET,CYS,LD555P,LD655,73,,149,,,,,,,,,,,,,,,,,,,,,,,,,,,,,,,,,,,,,
2VV5,A,COMPLEX,,,,,,,Hagelueken,Pliotas2012,MEMBRANE,PELDOR,CYS,,,32,,47,,58,,67,,89,,124,,128,,147,,196,,,,,,,,,,,,,,,,,,,,,,,
2WI8,A,,,,,,,,Cordes,Boer2019,SOLUBLE,FRET,CYS,Alexa555,Alexa647,112,,255,,,,,,,,,,,,,,,,,,,,,,,,,,,,,,,,,,,,,
2WLL,A,,1P7B,A,,,,,Kapanidis,Sadler2016,MEMBRANE,FRET,CYS,Cy3B,Alexa647,151,,249,,,,,,,,,,,,,,,,,,,,,,,,,,,,,,,,,,,,,
2YH0,A,,2YH1,A,,,,,Lamb,Voith2016,SOLUBLE,FRET,CYS,Atto532,Alexa647,187,,318,,326,,,,,,,,,,,,,,,,,,,,,,,,,,,,,,,,,,,
2YH0,A,,2YH1,A,,,,,Lamb,Sanchez2017,SOLUBLE,FRET,CYS,Atto532,Cy5,187,,318,,326,,,,,,,,,,,,,,,,,,,,,,,,,,,,,,,,,,,
2YH0,A,,2YH1,A,,,,,Lamb,Sanchez2017,SOLUBLE,FRET,CYS,Atto532,Atto647N,187,,318,,326,,,,,,,,,,,,,,,,,,,,,,,,,,,,,,,,,,,
3B5T,A,DELETE_B_C_D_E;BACKBONE,,,,,,,Ha,Morrison2012,MEMBRANE,BULK,CYS,Alexa488,Alexa568,56,,,,,,,,,,,,,,,,,,,,,,,,,,,,,,,,,,,,,,,
3B9B,A,,1SU4,A,,,,,Blanchard,Dyla2017,MEMBRANE,FRET,CYS,LD550,LD650,26,,606,,,,,,,,,,,,,,,,,,,,,,,,,,,,,,,,,,,,,
3C7N,B,DELETE_A;,,,,,,,Lamb,Mapa2010,SOLUBLE,FRET,CYS,Atto532,Atto647N,427,,572,NOT IN STRUCTURE,,,,,,,,,,,,,,,,,,,,,,,,,,,,,,,,,,,,
3CF1,A,UAA;TRIMER;DELETE_B_C;,,,,,,,Deniz,Lee2016,SOLUBLE,FRET,UAA,Alexa488,Alexa594,50,,131,,382,,426,,502,,658,,,,,,,,,,,,,,,,,,,,,,,,,,,,,
3CGN,A,,,,,,,,Huebner,Kahra2011,SOLUBLE,FRET,CYS,Alexa488,Atto647N,82,,139,,,,,,,,,,,,,,,,,,,,,,,,,,,,,,,,,,,,,
3FTO,A,,3DRG,A,,,,,Cordes,DeBoer2019,SOLUBLE,FRET,CYS,Alexa555,Alexa647,209,,441,,,,,,,,,,,,,,,,,,,,,,,,,,,,,,,,,,,,,
3GSL,A,DELETE_B,,,,,,,Seidel,McCann2011;Peulen2017,SOLUBLE,FRET,CYS,Alexa488,Alexa647,91,,107,,135,,142,,159,,182,,202,,230,,236,,,,,,,,,,,,,,,,,,,,,,,
3GSL,A,DELETE_B;REST SIMILAR TO PEULEN2017,,,,,,,Sanabria,Orozco2018,SOLUBLE,FRET,CYS,Alexa488,Alexa647,149,,,,,,,,,,,,,,,,,,,,,,,,,,,,,,,,,,,,,,,
3GSL,A,DELETE_B,,,,,,,Sanabria,Orozco2018,SOLUBLE,FRET,CYS,Alexa488,Alexa647,91,,107,,135,,142,,149,,159,,182,,202,,230,,236,,,,,,,,,,,,,,,,,,,,,
3KBC,A,TRIMER,,,,,,,Blanchard,Akyuz2015,MEMBRANE,FRET,CYS,Cy3,Cy5,378,,,,,,,,,,,,,,,,,,,,,,,,,,,,,,,,,,,,,,,
3KBC,A,TRIMER,,,,,,,Blanchard,Riederer2018,MEMBRANE,PELDOR,CYS,,,216,,294,,,,,,,,,,,,,,,,,,,,,,,,,,,,,,,,,,,,,
3KBC,A,TRIMER,1XFH,A,,,,,vanOijen,Erkens2013,MEMBRANE,FRET,CYS,Alexa555,Alexa647,331,,,,,,,,,,,,,,,,,,,,,,,,,,,,,,,,,,,,,,,
3KYQ,A,,,,,,,,Wang;Tan,Dai2016,SOLUBLE,FRET,CYS,Alexa555,Alexa647,66,,175,,,,,,,,,,,,,,,,,,,,,,,,,,,,,,,,,,,,,
3KYQ,A,,,,,,,,Wang,Wu2018,SOLUBLE,FRET,CYS,Alexa555,Alexa647,63,,191,,,,,,,,,,,,,,,,,,,,,,,,,,,,,,,,,,,,,
3L6G,A,,3L6H,A,,,,,Cordes,Tassis2020,SOLUBLE,FRET,CYS,Cy3B,Atto647N,360,,367,,423,,,,,,,,,,,,,,,,,,,,,,,,,,,,,,,,,,,
3L6G,A,,3L6H,A,,,,,Cordes,Tassis2020,SOLUBLE,FRET,CYS,Alexa555,Alexa647,360,,367,,423,,,,,,,,,,,,,,,,,,,,,,,,,,,,,,,,,,,
3L6G,A,,3L6H,A,,,,,Poolman,Sikkema2020,SOLUBLE,FRET,CYS,Alexa555,Alexa647,320,,360,,414,,423,,453,,504,,521,,566,,,,,,,,,,,,,,,,,,,,,,,,,
3OZX,A,DELETE_B;NO_CS,,,,,,,Tampe;Cordes,Gouridis2019,MEMBRANE,FRET,CYS,Alexa555,Alexa647,124,,177,,393,,430,,,,,,,,,,,,,,,,,,,,,,,,,,,,,,,,,
3PGK,A,,1QPG,A,,,,,Fitter,Rosenkranz2011;Gabbe2014,SOLUBLE,FRET,CYS,Alexa488,Alexa647,135,,290,,,,,,,,,,,,,,,,,,,,,,,,,,,,,,,,,,,,,
3PGK,A,,1QPG,A,,,,,Fitter,Kempe2016,SOLUBLE,FRET,CYS,Alexa488,Alexa647,1,,135,,,,,,,,,,,,,,,,,,,,,,,,,,,,,,,,,,,,,
3PGK,A,,1QPG,A,,,,,Fitter,Cerminara2020,SOLUBLE,FRET,CYS,Alexa488,Alexa647,1,,135,,202,,256,,290,,,,,,,,,,,,,,,,,,,,,,,,,,,,,,,
3SZR,A,,,,,,,,Gao,Chen2017,SOLUBLE,FRET,CYS,Cy3,Cy5,149,,352,,500,,634,,,,,,,,,,,,,,,,,,,,,,,,,,,,,,,,,
4AIN,A,TRIMER,,,,,,,Cordes;Ziegler,Jazi2017,MEMBRANE,FRET,CYS,Alexa555,Alexa647,516,,,,,,,,,,,,,,,,,,,,,,,,,,,,,,,,,,,,,,,
4AKE,A,DELETE_B,,,,,,,Yang,Hanson2007,SOLUBLE,FRET,CYS,Alexa555,Alexa647,127,,194,,,,,,,,,,,,,,,,,,,,,,,,,,,,,,,,,,,,,
4B1O,B,HOMOLOG; OLD PDB,,,,,,,Grohmann,Sheppard2016,SOLUBLE,FRET,UAA,DyLight500,DyLight650,371,wrong AA,,,,,,,,,,,,,,,,,,,,,,,,,,,,,,,,,,,,,,
4B1O,A,HOMOLOG; OLD PDB,,,,,,,Grohmann,Sheppard2016,SOLUBLE,FRET,UAA,DyLight500,DyLight650,257,wrong AA,,,,,,,,,,,,,,,,,,,,,,,,,,,,,,,,,,,,,,
4CMP,A,DELETE_B,4ZT0,A,,4UN3,B,,Chen,Yang2018,SOLUBLE,FRET,CYS,Cy3,Cy5,355,,867,,1054,,,,,,,,,,,,,,,,,,,,,,,,,,,,,,,,,,,
4DDQ,A,DELETE_C_D_E_F;DIMER;PDB FROM OTHER PAPER,,,,,,,Klostermeier,Stelljes2018,SOLUBLE,FRET,CYS,Alexa488,Alexa546,17,NOT IN STRUCTURE,140,,594,NOT IN STRUCTURE,,,,,,,,,,,,,,,,,,,,,,,,,,,,,,,,,,
4IDN,A,,,,,,,,Seidel,Dimura2016,SOLUBLE,FRET,CYS,Alexa488,Alexa647,35,,39,,42,,54,,58,,61,,64,,205,,318,,330,,334,,364,,368,,392,,403,,411,,418,,422,,426,,430,
4IGC,X,COMPLEX;DELETE_F_G_H_I_J_Y;,,,,,,,Brodolin,Vishwakarma2018,SOLUBLE,FRET,CYS,DY547P1,DY647P1,442,,579,,,,,,,,,,,,,,,,,,,,,,,,,,,,,,,,,,,,,
4KR5,A,,4KQP,A,,,,,Cordes,Gouridis2015,SOLUBLE,FRET,CYS,Cy3B,Atto647N,319,,369,,392,,451,,,,,,,,,,,,,,,,,,,,,,,,,,,,,,,,,
4LA9,A,,,,,,,,Cordes,Gouridis2015,SOLUBLE,FRET,CYS,Cy3B,Atto647N,87,,136,,159,,221,,,,,,,,,,,,,,,,,,,,,,,,,,,,,,,,,
4MAG,A,,,,,,,,Hagelueken;Cordes,Peter2021,SOLUBLE,FRET,CYS,Alexa555,Alexa647,54,,173,,,,,,,,,,,,,,,,,,,,,,,,,,,,,,,,,,,,,
4MAG,A,,,,,,,,Hagelueken,Glaenzer2017,SOLUBLE,PELDOR,CYS,,,110,,225,,,,,,,,,,,,,,,,,,,,,,,,,,,,,,,,,,,,,
4U2P,A,DIMER;DELETE_C_D;,,,,,,,Jayaraman,Carillo2019,MEMBRANE,FRET,CYS,Alexa555,Alexa647,23,,,,,,,,,,,,,,,,,,,,,,,,,,,,,,,,,,,,,,,
4US3,A,,,,,,,,Blanchard,Fitzgerald2019,MEMBRANE,SINGLE,CYS,Cy7,,3,NOT IN STRUCTURE,,,,,,,,,,,,,,,,,,,,,,,,,,,,,,,,,,,,,,
4US3,A,,,,,,,,Blanchard,Fitzgerald2019,MEMBRANE,BIOTIN,CYS,,,86,,87,,3,NOT IN STRUCTURE,453,NOT IN STRUCTURE; MAYBE 452,,,,,,,,,,,,,,,,,,,,,,,,,,,,,,,,
4ZOW,A,,,,,,,,Zhang,Zhu2019,MEMBRANE,FRET,CYS,Cy3,Cy5,103,,167,,309,,374,,,,,,,,,,,,,,,,,,,,,,,,,,,,,,,,,
5E84,A,DELETE_B_C_D_E_F;,,,,,,,Lamb,Rosam2018,SOLUBLE,FRET,CYS,Atto532,Atto643,167,,519,,638,NOT IN STRUCTURE,,,,,,,,,,,,,,,,,,,,,,,,,,,,,,,,,,
5FA6,A,DIMER;UAA;DELETE_B;,,,,,,,Margeat,Quast2019,SOLUBLE,FRET,UAA,Cy3,Cy5,160,,299,,671,,,,,,,,,,,,,,,,,,,,,,,,,,,,,,,,,,,
5FMF,Q,COMPLEX,,,,,,,Lamb,Heiss2019,SOLUBLE,FRET,CYS,Atto532,Atto647N,61,,,,,,,,,,,,,,,,,,,,,,,,,,,,,,,,,,,,,,,
5KUF,A,,,,,,,,Jayaraman,Litwin2019,MEMBRANE,FRET,CYS,Alexa555,Alexa647,266,,479,,,,,,,,,,,,,,,,,,,,,,,,,,,,,,,,,,,,,
5KUF,A,,,,,,,,Jayaraman,Litwin2019a,MEMBRANE,FRET,CYS,Alexa555,Alexa647,479,,523,,,,,,,,,,,,,,,,,,,,,,,,,,,,,,,,,,,,,
5KUF,B,,,,,,,,Jayaraman,Litwin2019a,MEMBRANE,FRET,CYS,Alexa555,Alexa647,266,,,,,,,,,,,,,,,,,,,,,,,,,,,,,,,,,,,,,,,
5MGA,A,,,,,,,,Hatzakis,Bohr2018,SOLUBLE,FRET,CYS,Cy3,Cy5,473,,1190,,,,,,,,,,,,,,,,,,,,,,,,,,,,,,,,,,,,,
5OFP,A,NO_CS,4PL0,A,,,,,Cordes,Husada2018,MEMBRANE,FRET,CYS,Alexa555,Alexa647,64,,67,,547,,,,,,,,,,,,,,,,,,,,,,,,,,,,,,,,,,,
5TV4,A,DIMER;NO_CS,,,,,,,Zhang,Liu2019,MEMBRANE,FRET,CYS,Cy3,Cy5,277,,561,,,,,,,,,,,,,,,,,,,,,,,,,,,,,,,,,,,,,
5XPD,A,,,,,,,,Zhang,Han2017,MEMBRANE,FRET,CYS,Cy3,Cy5,42,,163,,219,,,,,,,,,,,,,,,,,,,,,,,,,,,,,,,,,,,
5ZKP,A,UAA;NO_CS,,,,,,,Zhang;Wu,Cao2018,MEMBRANE,FRET,UAA,Sulfo-Cy3,Sulfo-Cy5,53,,132,NOT IN STRUCTURE,,,,,,,,,,,,,,,,,,,,,,,,,,,,,,,,,,,,
6MMK,A,DIMER;DELETE_C_D;,6MM9,A,,,,,Jayaraman,Durham2020,MEMBRANE,FRET,CYS,Alexa555,Alexa647,507,,701,,,,,,,,,,,,,,,,,,,,,,,,,,,,,,,,,,,,,
6MMK,B,DIMER;DELETE_C_D;,6MM9,A,,,,,Jayaraman,Durham2020,MEMBRANE,FRET,CYS,Alexa555,Alexa647,503,,701,,,,,,,,,,,,,,,,,,,,,,,,,,,,,,,,,,,,,
6MMK,A,DIMER;DELETE_C_D;,6MM9,A,,,,,Jayaraman,Dolino2017,MEMBRANE,FRET,CYS,Alexa555,Alexa647,554,,,,,,,,,,,,,,,,,,,,,,,,,,,,,,,,,,,,,,,
6T1Z,A,,,,,,,,Lamb;Hendrix,Roth2020,MEMBRANE,FRET,CYS,Atto488,Alexa647,9,,164,,188,,312,,374,,404,,,,,,,,,,,,,,,,,,,,,,,,,,,,,
6V2J,A,,1OTS,A,DIMER,,,,Jayaraman,Cheng2020,MEMBRANE,FRET,CYS,Alexa555,Alexa647,234,,377,,,,,,,,,,,,,,,,,,,,,,,,,,,,,,,,,,,,,
UNKNOWN,,,,,,,,,Lamb,Mapa2010,SOLUBLE,FRET,CYS,Atto532,Atto647N,341,,448,,590,,,,,,,,,,,,,,,,,,,,,,,,,,,,,,,,,,,
